smiles,h50(exp),h50(calc)
O=[N+]([O-])N(CC([N+](=O)[O-])([N+](=O)[O-])[N+](=O)[O-])CC([N+](=O)[O-])([N+](=O)[O-])[N+](=O)[O-],5,9
O=[N+]([O-])N(CN(CC([N+](=O)[O-])([N+](=O)[O-])[N+](=O)[O-])[N+](=O)[O-])CC([N+](=O)[O-])([N+](=O)[O-])[N+](=O)[O-],5,9
O=[N+]([O-])N(CCC([N+](=O)[O-])([N+](=O)[O-])[N+](=O)[O-])CC([N+](=O)[O-])([N+](=O)[O-])[N+](=O)[O-],6,11
O=[N+]([O-])N1C(C([N+](=O)[O-])([N+](=O)[O-])[N+](=O)[O-])CCC1C([N+](=O)[O-])([N+](=O)[O-])[N+](=O)[O-],6,12
O=C(OCC([N+](=O)[O-])([N+](=O)[O-])[N+](=O)[O-])C(OCC([N+](=O)[O-])([N+](=O)[O-])[N+](=O)[O-])OCC([N+](=O)[O-])([N+](=O)[O-])[N+](=O)[O-],6,20
O=[N+]([O-])OCCN(CC([N+](=O)[O-])([N+](=O)[O-])[N+](=O)[O-])[N+](=O)[O-],7,12
O=[N+]([O-])C(COC(OCC([N+](=O)[O-])([N+](=O)[O-])[N+](=O)[O-])(OCC([N+](=O)[O-])([N+](=O)[O-])[N+](=O)[O-])OCC([N+](=O)[O-])([N+](=O)[O-])[N+](=O)[O-])([N+](=O)[O-])[N+](=O)[O-],7,16
O=[N+]([O-])C(COC(OCC([N+](=O)[O-])([N+](=O)[O-])[N+](=O)[O-])OCC([N+](=O)[O-])([N+](=O)[O-])[N+](=O)[O-])([N+](=O)[O-])[N+](=O)[O-],7,18
O=[N+]([O-])C(CC([N+](=O)[O-])([N+](=O)[O-])[N+](=O)[O-])CC([N+](=O)[O-])([N+](=O)[O-])[N+](=O)[O-],8,11
CC(=O)ON([C@@H](CC([N+](=O)[O-])([N+](=O)[O-])[N+](=O)[O-])C([N+](=O)[O-])([N+](=O)[O-])[N+](=O)[O-])[N+](=O)[O-],9,15
O=C(OCC([N+](=O)[O-])([N+](=O)[O-])[N+](=O)[O-])N(CCC([N+](=O)[O-])([N+](=O)[O-])[N+](=O)[O-])[N+](=O)[O-],9,16
CN(CC([N+](=O)[O-])([N+](=O)[O-])[N+](=O)[O-])[N+](=O)[O-],9,14
O=C(C(=O)N(CCC([N+](=O)[O-])([N+](=O)[O-])[N+](=O)[O-])[N+](=O)[O-])N(CCC([N+](=O)[O-])([N+](=O)[O-])[N+](=O)[O-])[N+](=O)[O-],9,17
O=C(NCNC(=O)C([N+](=O)[O-])([N+](=O)[O-])[N+](=O)[O-])C([N+](=O)[O-])([N+](=O)[O-])[N+](=O)[O-],9,23
O=[N+]([O-])OCN(CN(CN(CN(CO[N+](=O)[O-])[N+](=O)[O-])[N+](=O)[O-])[N+](=O)[O-])[N+](=O)[O-],10,10
O=[N+]([O-])N(CCC(CCN(CC([N+](=O)[O-])([N+](=O)[O-])[N+](=O)[O-])[N+](=O)[O-])([N+](=O)[O-])[N+](=O)[O-])CC([N+](=O)[O-])([N+](=O)[O-])[N+](=O)[O-],10,15
O=C(OCC([N+](=O)[O-])([N+](=O)[O-])[N+](=O)[O-])N(CN(C(=O)OCC([N+](=O)[O-])([N+](=O)[O-])[N+](=O)[O-])[N+](=O)[O-])[N+](=O)[O-],10,16
N#CCN(CC([N+](=O)[O-])([N+](=O)[O-])[N+](=O)[O-])[N+](=O)[O-],11,17
O=C(OCC([N+](=O)[O-])([N+](=O)[O-])[N+](=O)[O-])N(CCN(CN(C(=O)OCC([N+](=O)[O-])([N+](=O)[O-])[N+](=O)[O-])[N+](=O)[O-])[N+](=O)[O-])[N+](=O)[O-],11,19
CN(CCN(CC([N+](=O)[O-])([N+](=O)[O-])[N+](=O)[O-])[N+](=O)[O-])[N+](=O)[O-],11,22
O=[N+]([O-])c1c([N+](=O)[O-])c([N+](=O)[O-])c([N+](=O)[O-])c([N+](=O)[O-])c1[N+](=O)[O-],12,7
O=[N+]([O-])N(CCN(CC([N+](=O)[O-])([N+](=O)[O-])[N+](=O)[O-])[N+](=O)[O-])CCN(CC([N+](=O)[O-])([N+](=O)[O-])[N+](=O)[O-])[N+](=O)[O-],12,15
O=[N+]([O-])OCCCN(CC([N+](=O)[O-])([N+](=O)[O-])[N+](=O)[O-])[N+](=O)[O-],12,19
O=C(OCC([N+](=O)[O-])([N+](=O)[O-])[N+](=O)[O-])N(CCC(CCN(C(=O)OCC([N+](=O)[O-])([N+](=O)[O-])[N+](=O)[O-])[N+](=O)[O-])([N+](=O)[O-])[N+](=O)[O-])[N+](=O)[O-],12,23
O=[N+]([O-])c1nonc1-c1nonc1[N+](=O)[O-],13,10
O=C(OCC([N+](=O)[O-])([N+](=O)[O-])[N+](=O)[O-])N(CN(CN(C(=O)OCC([N+](=O)[O-])([N+](=O)[O-])[N+](=O)[O-])[N+](=O)[O-])[N+](=O)[O-])[N+](=O)[O-],13,15
O=[N+]([O-])NCN[N+](=O)[O-],13,10
O=[N+]([O-])c1cc([N+](=O)[O-])c(CC([N+](=O)[O-])([N+](=O)[O-])[N+](=O)[O-])c([N+](=O)[O-])c1,13,19
O=[N+]([O-])OCC(CO[N+](=O)[O-])(CO[N+](=O)[O-])CO[N+](=O)[O-],13,17
O=C(CCC([N+](=O)[O-])([N+](=O)[O-])[N+](=O)[O-])N(CN(C(=O)CCC([N+](=O)[O-])([N+](=O)[O-])[N+](=O)[O-])[N+](=O)[O-])[N+](=O)[O-],13,23
O=C(NCC([N+](=O)[O-])([N+](=O)[O-])[N+](=O)[O-])C(=O)NCC([N+](=O)[O-])([N+](=O)[O-])[N+](=O)[O-],13,31
O=C(CN(CC([N+](=O)[O-])([N+](=O)[O-])[N+](=O)[O-])[N+](=O)[O-])N1CN(C(=O)CN(CC([N+](=O)[O-])([N+](=O)[O-])[N+](=O)[O-])[N+](=O)[O-])CN(C(=O)CN(CC([N+](=O)[O-])([N+](=O)[O-])[N+](=O)[O-])[N+](=O)[O-])C1,13,35
O=[N+]([O-])N1CC([N+](=O)[O-])([N+](=O)[O-])CC([N+](=O)[O-])([N+](=O)[O-])C1,14,13
O=C(CN(CC(=O)OCC([N+](=O)[O-])([N+](=O)[O-])[N+](=O)[O-])[N+](=O)[O-])OCC([N+](=O)[O-])([N+](=O)[O-])[N+](=O)[O-],14,28
O=C(/C=C/C(=O)OCC([N+](=O)[O-])([N+](=O)[O-])[N+](=O)[O-])OCC([N+](=O)[O-])([N+](=O)[O-])[N+](=O)[O-],14,38
O=[N+]([O-])NC(CCN(CC([N+](=O)[O-])([N+](=O)[O-])[N+](=O)[O-])[N+](=O)[O-])(CCN(CC([N+](=O)[O-])([N+](=O)[O-])[N+](=O)[O-])[N+](=O)[O-])N[N+](=O)[O-],15,15
O=C(OCC([N+](=O)[O-])([N+](=O)[O-])[N+](=O)[O-])C(=O)OCC([N+](=O)[O-])([N+](=O)[O-])[N+](=O)[O-],15,24
N/C(=N/[N+](=O)[O-])NCC([N+](=O)[O-])([N+](=O)[O-])[N+](=O)[O-],15,22
Nc1c([N+](=O)[O-])c([N+](=O)[O-])c([N+](=O)[O-])c([N+](=O)[O-])c1[N+](=O)[O-],15,16
CN(CCN(C(=O)OCC([N+](=O)[O-])([N+](=O)[O-])[N+](=O)[O-])[N+](=O)[O-])[N+](=O)[O-],15,31
CC(COC(=O)OCC([N+](=O)[O-])([N+](=O)[O-])[N+](=O)[O-])([N+](=O)[O-])[N+](=O)[O-],15,38
O=C(OCC([N+](=O)[O-])([N+](=O)[O-])[N+](=O)[O-])OCC([N+](=O)[O-])([N+](=O)[O-])[N+](=O)[O-],16,19
O=C(OC#COC(=O)N(CCC([N+](=O)[O-])([N+](=O)[O-])[N+](=O)[O-])[N+](=O)[O-])N(CCC([N+](=O)[O-])([N+](=O)[O-])[N+](=O)[O-])[N+](=O)[O-],16,24
CC(COC(=O)N(CCC([N+](=O)[O-])([N+](=O)[O-])[N+](=O)[O-])[N+](=O)[O-])([N+](=O)[O-])[N+](=O)[O-],16,29
O=[N+]([O-])C(C/C=C/CC([N+](=O)[O-])([N+](=O)[O-])[N+](=O)[O-])([N+](=O)[O-])[N+](=O)[O-],17,19
O=[N+]([O-])C(COCOCC([N+](=O)[O-])([N+](=O)[O-])[N+](=O)[O-])([N+](=O)[O-])[N+](=O)[O-],17,21
O=C(NCC([N+](=O)[O-])([N+](=O)[O-])[N+](=O)[O-])NCC([N+](=O)[O-])([N+](=O)[O-])[N+](=O)[O-],17,25
CC(CN(CCC([N+](=O)[O-])([N+](=O)[O-])[N+](=O)[O-])[N+](=O)[O-])([N+](=O)[O-])[N+](=O)[O-],17,21
CN(C(=O)OCC([N+](=O)[O-])([N+](=O)[O-])[N+](=O)[O-])[N+](=O)[O-],17,24
O=C(OCC([N+](=O)[O-])([N+](=O)[O-])[N+](=O)[O-])N(CCN(CCN(C(=O)OCC([N+](=O)[O-])([N+](=O)[O-])[N+](=O)[O-])[N+](=O)[O-])[N+](=O)[O-])[N+](=O)[O-],17,24
NC(=O)CN(CC([N+](=O)[O-])([N+](=O)[O-])[N+](=O)[O-])[N+](=O)[O-],17,29
O=C(CCC([N+](=O)[O-])([N+](=O)[O-])[N+](=O)[O-])OCC([N+](=O)[O-])([N+](=O)[O-])[N+](=O)[O-],18,24
O=[N+]([O-])C1([N+](=O)[O-])CN(CC([N+](=O)[O-])([N+](=O)[O-])[N+](=O)[O-])CC([N+](=O)[O-])([N+](=O)[O-])C1,18,20
O=C(CCC([N+](=O)[O-])([N+](=O)[O-])[N+](=O)[O-])NCC([N+](=O)[O-])([N+](=O)[O-])[N+](=O)[O-],18,28
NC(=O)OCC([N+](=O)[O-])([N+](=O)[O-])[N+](=O)[O-],18,48
O=[N+]([O-])N(CCN(CCN(CC([N+](=O)[O-])([N+](=O)[O-])[N+](=O)[O-])[N+](=O)[O-])[N+](=O)[O-])CCN(CC([N+](=O)[O-])([N+](=O)[O-])[N+](=O)[O-])[N+](=O)[O-],19,19
O=C(OCC([N+](=O)[O-])([N+](=O)[O-])[N+](=O)[O-])N(CCN(CCN(CCN(C(=O)OCC([N+](=O)[O-])([N+](=O)[O-])[N+](=O)[O-])[N+](=O)[O-])[N+](=O)[O-])[N+](=O)[O-])[N+](=O)[O-],19,27
CCN(C(=O)OCC([N+](=O)[O-])([N+](=O)[O-])[N+](=O)[O-])[N+](=O)[O-],19,40
CC(NC(=O)NC(C)C([N+](=O)[O-])([N+](=O)[O-])[N+](=O)[O-])C([N+](=O)[O-])([N+](=O)[O-])[N+](=O)[O-],19,53
O=[N+]([O-])OCC(CO[N+](=O)[O-])O[N+](=O)[O-],20,12
CC(CCN(CC([N+](=O)[O-])([N+](=O)[O-])[N+](=O)[O-])[N+](=O)[O-])([N+](=O)[O-])[N+](=O)[O-],20,21
O=[N+]([O-])c1cc([N+](=O)[O-])c(-c2nnc(-c3c([N+](=O)[O-])cc([N+](=O)[O-])cc3[N+](=O)[O-])o2)c([N+](=O)[O-])c1,20,33
O=[N+]([O-])c1cc([N+](=O)[O-])[n+]([O-])c([N+](=O)[O-])c1,20,38
O=C(NCCC([N+](=O)[O-])([N+](=O)[O-])[N+](=O)[O-])N(CCC([N+](=O)[O-])([N+](=O)[O-])[N+](=O)[O-])[N+](=O)[O-],21,25
O=[N+]([O-])c1cc([N+](=O)[O-])c(CCC([N+](=O)[O-])([N+](=O)[O-])[N+](=O)[O-])c([N+](=O)[O-])c1,21,28
CC(CN(CCO[N+](=O)[O-])[N+](=O)[O-])([N+](=O)[O-])[N+](=O)[O-],21,26
CC(CCN(C(=O)OCC([N+](=O)[O-])([N+](=O)[O-])[N+](=O)[O-])[N+](=O)[O-])([N+](=O)[O-])[N+](=O)[O-],22,29
O=[N+]([O-])N(CC(CCN(CC([N+](=O)[O-])([N+](=O)[O-])[N+](=O)[O-])[N+](=O)[O-])([N+](=O)[O-])[N+](=O)[O-])CC(CCN(CC([N+](=O)[O-])([N+](=O)[O-])[N+](=O)[O-])[N+](=O)[O-])([N+](=O)[O-])[N+](=O)[O-],23,15
O=C(NCCC([N+](=O)[O-])([N+](=O)[O-])[N+](=O)[O-])NCCC([N+](=O)[O-])([N+](=O)[O-])[N+](=O)[O-],23,53
O=C(OC([N+](=O)[O-])([N+](=O)[O-])[N+](=O)[O-])c1c([N+](=O)[O-])cc([N+](=O)[O-])cc1[N+](=O)[O-],24,17
O=C(NCC([N+](=O)[O-])([N+](=O)[O-])[N+](=O)[O-])NC(=O)NCC([N+](=O)[O-])([N+](=O)[O-])[N+](=O)[O-],24,40
CC(CN(CC(=O)OCC([N+](=O)[O-])([N+](=O)[O-])[N+](=O)[O-])[N+](=O)[O-])([N+](=O)[O-])[N+](=O)[O-],25,28
O=[N+]([O-])c1cnn[nH]1,25,34
O=[N+]([O-])N1CN([N+](=O)[O-])CN([N+](=O)[O-])C1,26,14
O=[N+]([O-])c1cc([N+](=O)[O-])c([N+](=O)[O-])cc1[N+](=O)[O-],27,18
Nc1nonc1[N+](=O)[O-],27,32
O=C(NCNC(=O)OCC([N+](=O)[O-])([N+](=O)[O-])[N+](=O)[O-])OCC([N+](=O)[O-])([N+](=O)[O-])[N+](=O)[O-],27,54
O=[N+]([O-])c1c(O)c([N+](=O)[O-])c(O)c([N+](=O)[O-])c1O,27,69
COC(=O)OCC([N+](=O)[O-])([N+](=O)[O-])[N+](=O)[O-],28,70
O=[N+]([O-])N1CN([N+](=O)[O-])CN([N+](=O)[O-])CN([N+](=O)[O-])C1,29,14
O=[N+]([O-])C1([N+](=O)[O-])CN(CCC([N+](=O)[O-])([N+](=O)[O-])[N+](=O)[O-])CC([N+](=O)[O-])([N+](=O)[O-])C1,29,28
O=C(CN(CCN(CC(=O)OCC([N+](=O)[O-])([N+](=O)[O-])[N+](=O)[O-])[N+](=O)[O-])[N+](=O)[O-])OCC([N+](=O)[O-])([N+](=O)[O-])[N+](=O)[O-],29,33
CC(CC(CC(C)([N+](=O)[O-])[N+](=O)[O-])([N+](=O)[O-])[N+](=O)[O-])([N+](=O)[O-])[N+](=O)[O-],29,26
CC(CN(CC(C)([N+](=O)[O-])[N+](=O)[O-])[N+](=O)[O-])([N+](=O)[O-])[N+](=O)[O-],29,27
O=C(CCN(CCC(=O)OCC([N+](=O)[O-])([N+](=O)[O-])[N+](=O)[O-])[N+](=O)[O-])OCC([N+](=O)[O-])([N+](=O)[O-])[N+](=O)[O-],29,51
O=[N+]([O-])c1cc([N+](=O)[O-])on1,29,36
O=C(CCC([N+](=O)[O-])([N+](=O)[O-])[N+](=O)[O-])OC(=O)CCC([N+](=O)[O-])([N+](=O)[O-])[N+](=O)[O-],30,44
O=C(CCC(=O)OCC([N+](=O)[O-])([N+](=O)[O-])[N+](=O)[O-])OCC([N+](=O)[O-])([N+](=O)[O-])[N+](=O)[O-],30,48
O=[N+]([O-])c1ccc(CCC([N+](=O)[O-])([N+](=O)[O-])[N+](=O)[O-])c([N+](=O)[O-])c1,31,50
O=C(CCC(CC(CC(CCC(=O)OCC([N+](=O)[O-])([N+](=O)[O-])[N+](=O)[O-])([N+](=O)[O-])[N+](=O)[O-])([N+](=O)[O-])[N+](=O)[O-])([N+](=O)[O-])[N+](=O)[O-])OCC([N+](=O)[O-])([N+](=O)[O-])[N+](=O)[O-],32,31
C[C@@H](CC([N+](=O)[O-])([N+](=O)[O-])[N+](=O)[O-])[N+](=O)[O-],33,28
O=[N+]([O-])c1cc([N+](=O)[O-])c(/N=N/c2nc(/N=N/c3c([N+](=O)[O-])cc([N+](=O)[O-])cc3[N+](=O)[O-])c([N+](=O)[O-])cc2[N+](=O)[O-])c([N+](=O)[O-])c1,33,55
O=C(CCC([N+](=O)[O-])([N+](=O)[O-])[N+](=O)[O-])CCC([N+](=O)[O-])([N+](=O)[O-])[N+](=O)[O-],34,32
O=[N+]([O-])NCCN[N+](=O)[O-],34,26
O=[N+]([O-])NCCC(CCN[N+](=O)[O-])([N+](=O)[O-])[N+](=O)[O-],35,31
O=[N+]([O-])c1cc([N+](=O)[O-])c(-n2nnc3cc([N+](=O)[O-])c([N+](=O)[O-])cc32)c([N+](=O)[O-])c1,35,37
CCN(CC(=O)OCC([N+](=O)[O-])([N+](=O)[O-])[N+](=O)[O-])[N+](=O)[O-],35,62
O=[N+]([O-])c1cc([N+](=O)[O-])c(Nc2cn(-c3c([N+](=O)[O-])cc([N+](=O)[O-])cc3[N+](=O)[O-])nn2)c([N+](=O)[O-])c1,35,46
O=[N+]([O-])CCn1c([N+](=O)[O-])nnc1[N+](=O)[O-],35,63
O=[N+]([O-])c1cc([N+](=O)[O-])c(Nc2nnn[nH]2)c([N+](=O)[O-])c1,36,27
O=Cc1c([N+](=O)[O-])cc([N+](=O)[O-])cc1[N+](=O)[O-],36,60
CC(CCN(CC(CN(CCC(C)([N+](=O)[O-])[N+](=O)[O-])[N+](=O)[O-])([N+](=O)[O-])[N+](=O)[O-])[N+](=O)[O-])([N+](=O)[O-])[N+](=O)[O-],37,34
CC(CCN(C(=O)C(=O)N(CCC(C)([N+](=O)[O-])[N+](=O)[O-])[N+](=O)[O-])[N+](=O)[O-])([N+](=O)[O-])[N+](=O)[O-],37,48
O=[N+]([O-])c1nc(-c2nc([N+](=O)[O-])c([N+](=O)[O-])[nH]2)[nH]c1[N+](=O)[O-],37,43
O=[N+]([O-])c1cc([N+](=O)[O-])c(-c2c([N+](=O)[O-])cc([N+](=O)[O-])c(-c3c([N+](=O)[O-])cc([N+](=O)[O-])cc3[N+](=O)[O-])c2[N+](=O)[O-])c([N+](=O)[O-])c1,39,29
O=[N+]([O-])NCCN(CCN[N+](=O)[O-])[N+](=O)[O-],39,36
O=[N+]([O-])c1cc([N+](=O)[O-])c(/C=C/c2c([N+](=O)[O-])cc([N+](=O)[O-])cc2[N+](=O)[O-])c([N+](=O)[O-])c1,39,52
O=[N+]([O-])c1cc([N+](=O)[O-])c(-c2c([N+](=O)[O-])cc([N+](=O)[O-])c(-c3c([N+](=O)[O-])cc([N+](=O)[O-])c(-c4c([N+](=O)[O-])cc([N+](=O)[O-])cc4[N+](=O)[O-])c3[N+](=O)[O-])c2[N+](=O)[O-])c([N+](=O)[O-])c1,40,28
O=[N+]([O-])c1cc([N+](=O)[O-])c(-n2nnc3c([N+](=O)[O-])cc([N+](=O)[O-])cc32)c([N+](=O)[O-])c1,40,37
O=[N+]([O-])c1cc([N+](=O)[O-])c(-c2c([N+](=O)[O-])cc([N+](=O)[O-])c(/N=N/c3c([N+](=O)[O-])cc([N+](=O)[O-])c(-c4c([N+](=O)[O-])cc([N+](=O)[O-])cc4[N+](=O)[O-])c3[N+](=O)[O-])c2[N+](=O)[O-])c([N+](=O)[O-])c1,40,32
NC(=O)CCC([N+](=O)[O-])([N+](=O)[O-])[N+](=O)[O-],40,81
O=[N+]([O-])c1cc([N+](=O)[O-])c(-c2c([N+](=O)[O-])cc([N+](=O)[O-])c(O)c2[N+](=O)[O-])c([N+](=O)[O-])c1O,40,39
O=[N+]([O-])c1cc([N+](=O)[O-])c(-c2cc([N+](=O)[O-])c(-c3c([N+](=O)[O-])cc([N+](=O)[O-])cc3[N+](=O)[O-])cc2[N+](=O)[O-])c([N+](=O)[O-])c1,40,41
Nc1c([N+](=O)[O-])cc([N+](=O)[O-])c([N+](=O)[O-])c1[N+](=O)[O-],41,29
COCCN(CC([N+](=O)[O-])([N+](=O)[O-])[N+](=O)[O-])[N+](=O)[O-],42,48
O=[N+]([O-])c1cc([N+](=O)[O-])c(-c2c([N+](=O)[O-])cc([N+](=O)[O-])c(O)c2[N+](=O)[O-])c([N+](=O)[O-])c1,42,35
O=[N+]([O-])c1cc([N+](=O)[O-])c(/C=N/O)c([N+](=O)[O-])c1,42,93
O=[N+]([O-])c1cc([N+](=O)[O-])c(O)c([N+](=O)[O-])c1O,43,59
CC(CN(CCC(CCN(CC(C)([N+](=O)[O-])[N+](=O)[O-])[N+](=O)[O-])([N+](=O)[O-])[N+](=O)[O-])[N+](=O)[O-])([N+](=O)[O-])[N+](=O)[O-],44,34
O=C(NCCC([N+](=O)[O-])([N+](=O)[O-])[N+](=O)[O-])C(=O)NCCC([N+](=O)[O-])([N+](=O)[O-])[N+](=O)[O-],45,65
O=C(OCC([N+](=O)[O-])([N+](=O)[O-])[N+](=O)[O-])c1cc([N+](=O)[O-])cc([N+](=O)[O-])c1O,45,50
O=[N+]([O-])c1cc([N+](=O)[O-])c(-c2[nH]c([N+](=O)[O-])nc2[N+](=O)[O-])c([N+](=O)[O-])c1,46,36
CC(CCN(C(=O)OCC(C)([N+](=O)[O-])[N+](=O)[O-])[N+](=O)[O-])([N+](=O)[O-])[N+](=O)[O-],47,55
O=[N+]([O-])c1cc([N+](=O)[O-])c(Nc2c([N+](=O)[O-])cc([N+](=O)[O-])cc2[N+](=O)[O-])c([N+](=O)[O-])c1,48,41
[O-][n+]1onc2c1c1no[n+]([O-])c1c1no[n+]([O-])c21,50,70
O=[N+]([O-])c1cn(-c2ccc([N+](=O)[O-])c([N+](=O)[O-])c2)nn1,51,52
O=[N+]([O-])NCCN(CCN(CCN[N+](=O)[O-])[N+](=O)[O-])[N+](=O)[O-],53,41
Cc1c([N+](=O)[O-])cc([N+](=O)[O-])c(-c2c([N+](=O)[O-])cc([N+](=O)[O-])cc2[N+](=O)[O-])c1[N+](=O)[O-],53,46
O=C(c1ccc([N+](=O)[O-])cc1[N+](=O)[O-])c1c([N+](=O)[O-])cc([N+](=O)[O-])cc1[N+](=O)[O-],54,69
CC(CC(CC(C)([N+](=O)[O-])[N+](=O)[O-])[N+](=O)[O-])([N+](=O)[O-])[N+](=O)[O-],56,45
O=[N+]([O-])c1cc(-n2cc([N+](=O)[O-])nn2)cc([N+](=O)[O-])c1,56,52
O=[N+]([O-])c1cnc(/N=N/c2ncc([N+](=O)[O-])cc2[N+](=O)[O-])c([N+](=O)[O-])c1,56,117
O=[N+]([O-])c1cc([N+](=O)[O-])c(-c2ncnc(-c3c([N+](=O)[O-])cc([N+](=O)[O-])cc3[N+](=O)[O-])c2[N+](=O)[O-])c([N+](=O)[O-])c1,58,51
O=[N+]([O-])c1cc([N+](=O)[O-])c(-c2ncc([N+](=O)[O-])c(-c3c([N+](=O)[O-])cc([N+](=O)[O-])cc3[N+](=O)[O-])n2)c([N+](=O)[O-])c1,58,51
O=[N+]([O-])c1cc([N+](=O)[O-])c(-c2cc([N+](=O)[O-])c(-c3c([N+](=O)[O-])cc([N+](=O)[O-])cc3[N+](=O)[O-])c([N+](=O)[O-])c2)c([N+](=O)[O-])c1,59,41
O=[N+]([O-])c1cc([N+](=O)[O-])c(Nc2nonc2[N+](=O)[O-])c([N+](=O)[O-])c1,60,27
O=[N+]([O-])c1cc([N+](=O)[O-])c(Nc2nnc(Nc3c([N+](=O)[O-])cc([N+](=O)[O-])cc3[N+](=O)[O-])nn2)c([N+](=O)[O-])c1,61,105
O=[N+]([O-])c1cc([N+](=O)[O-])c(-c2cc(-c3c([N+](=O)[O-])cc([N+](=O)[O-])cc3[N+](=O)[O-])c([N+](=O)[O-])cc2[N+](=O)[O-])c([N+](=O)[O-])c1,63,41
O=[N+]([O-])c1cc([N+](=O)[O-])c(Nc2nc(Nc3c([N+](=O)[O-])cc([N+](=O)[O-])cc3[N+](=O)[O-])c([N+](=O)[O-])cc2[N+](=O)[O-])c([N+](=O)[O-])c1,63,54
O=[N+]([O-])C1([N+](=O)[O-])COC2(OC1)OCC([N+](=O)[O-])([N+](=O)[O-])CO2,66,78
O=C(CCC(CCC(=O)OCC([N+](=O)[O-])([N+](=O)[O-])[N+](=O)[O-])([N+](=O)[O-])[N+](=O)[O-])OCC([N+](=O)[O-])([N+](=O)[O-])[N+](=O)[O-],68,46
O=[N+]([O-])c1cc([N+](=O)[O-])c(-n2cnc([N+](=O)[O-])n2)c([N+](=O)[O-])c1,68,60
CC(CCC(=O)OCC([N+](=O)[O-])([N+](=O)[O-])[N+](=O)[O-])([N+](=O)[O-])[N+](=O)[O-],70,52
O=[N+]([O-])c1cc([N+](=O)[O-])c(Nc2nonc2Nc2c([N+](=O)[O-])cc([N+](=O)[O-])cc2[N+](=O)[O-])c([N+](=O)[O-])c1,71,51
CC(CN(CCN(CC(C)([N+](=O)[O-])[N+](=O)[O-])[N+](=O)[O-])[N+](=O)[O-])([N+](=O)[O-])[N+](=O)[O-],72,33
CC(CN(CC(C)([N+](=O)[O-])[N+](=O)[O-])C(=O)CCC([N+](=O)[O-])([N+](=O)[O-])[N+](=O)[O-])([N+](=O)[O-])[N+](=O)[O-],72,55
CC(CNC(=O)CCC([N+](=O)[O-])([N+](=O)[O-])[N+](=O)[O-])([N+](=O)[O-])[N+](=O)[O-],72,61
O=C(OCC([N+](=O)[O-])([N+](=O)[O-])[N+](=O)[O-])c1cc([N+](=O)[O-])cc([N+](=O)[O-])c1,73,45
Cc1c([N+](=O)[O-])c(C)c([N+](=O)[O-])c(O)c1[N+](=O)[O-],77,165
CN(C(=O)C(=O)N(C)[N+](=O)[O-])[N+](=O)[O-],79,61
CCC([N+](=O)[O-])([N+](=O)[O-])C(CC)([N+](=O)[O-])[N+](=O)[O-],80,55
CCC(CN(CC(CC)([N+](=O)[O-])[N+](=O)[O-])[N+](=O)[O-])([N+](=O)[O-])[N+](=O)[O-],80,57
CCOC(=O)OCC([N+](=O)[O-])([N+](=O)[O-])[N+](=O)[O-],81,128
O=[N+]([O-])c1cc([N+](=O)[O-])c(-c2c([N+](=O)[O-])cc([N+](=O)[O-])cc2[N+](=O)[O-])c([N+](=O)[O-])c1,85,32
O=[N+]([O-])c1cc([N+](=O)[O-])c(O)c([N+](=O)[O-])c1,87,49
CN(CCN(C(=O)C(=O)N(CCN(C)[N+](=O)[O-])[N+](=O)[O-])[N+](=O)[O-])[N+](=O)[O-],90,62
O=[N+]([O-])c1cc([N+](=O)[O-])c(Nc2cc(Nc3c([N+](=O)[O-])cc([N+](=O)[O-])cc3[N+](=O)[O-])c([N+](=O)[O-])nc2[N+](=O)[O-])c([N+](=O)[O-])c1,92,54
O=[N+]([O-])c1cc([N+](=O)[O-])c(Nc2noc(Nc3c([N+](=O)[O-])cc([N+](=O)[O-])cc3[N+](=O)[O-])n2)c([N+](=O)[O-])c1,95,51
O=[N+]([O-])c1ccc(Cn2c([N+](=O)[O-])nnc2[N+](=O)[O-])c([N+](=O)[O-])c1,96,98
O=[N+]([O-])c1cc([N+](=O)[O-])cc([N+](=O)[O-])c1,100,41
O=C1NC2C(NC(=O)N2[N+](=O)[O-])N1[N+](=O)[O-],100,62
O=[N+]([O-])c1ccc([N+](=O)[O-])c2c([N+](=O)[O-])ccc([N+](=O)[O-])c12,100,59
CCC(CNC(=O)CCC([N+](=O)[O-])([N+](=O)[O-])[N+](=O)[O-])([N+](=O)[O-])[N+](=O)[O-],101,89
O=[N+]([O-])c1cc([N+](=O)[O-])c(Nc2c[nH]nn2)c([N+](=O)[O-])c1,103,76
O=[N+]([O-])c1cccc(C([N+](=O)[O-])[N+](=O)[O-])c1,105,63
O=[N+]([O-])c1c[nH]c([N+](=O)[O-])n1,105,61
O=C(O)c1c([N+](=O)[O-])cc([N+](=O)[O-])cc1[N+](=O)[O-],109,70
O=[N+]([O-])C(CO)(CO)[N+](=O)[O-],110,114
CC(C)(C)NC(=O)C([N+](=O)[O-])([N+](=O)[O-])[N+](=O)[O-],110,256
CC(C)NC(=O)C([N+](=O)[O-])([N+](=O)[O-])[N+](=O)[O-],112,149
O=[N+]([O-])c1cc([N+](=O)[O-])c(-n2cc([N+](=O)[O-])cn2)c([N+](=O)[O-])c1,112,71
O=C(CCC([N+](=O)[O-])([N+](=O)[O-])[N+](=O)[O-])NCNC(=O)CCC([N+](=O)[O-])([N+](=O)[O-])[N+](=O)[O-],113,90
CN(CCN[N+](=O)[O-])[N+](=O)[O-],114,52
O=[N+]([O-])c1cc([N+](=O)[O-])c(CCc2c([N+](=O)[O-])cc([N+](=O)[O-])cc2[N+](=O)[O-])c([N+](=O)[O-])c1,114,66
Cn1nc([N+](=O)[O-])c(-c2c([N+](=O)[O-])cc([N+](=O)[O-])cc2[N+](=O)[O-])c1[N+](=O)[O-],118,55
O=C(CCC([N+](=O)[O-])([N+](=O)[O-])[N+](=O)[O-])OCCOC(=O)CCC([N+](=O)[O-])([N+](=O)[O-])[N+](=O)[O-],120,92
Nc1nonc1Nc1c([N+](=O)[O-])cc([N+](=O)[O-])cc1[N+](=O)[O-],120,88
Nc1c([N+](=O)[O-])c(N)c([N+](=O)[O-])c(O)c1[N+](=O)[O-],120,124
CC(=O)CCC([N+](=O)[O-])([N+](=O)[O-])[N+](=O)[O-],125,99
Nc1c([N+](=O)[O-])cc([N+](=O)[O-])c(Nc2c([N+](=O)[O-])cc([N+](=O)[O-])c(N)c2[N+](=O)[O-])c1[N+](=O)[O-],132,68
Cc1c([N+](=O)[O-])cc([N+](=O)[O-])c(-c2c([N+](=O)[O-])cc([N+](=O)[O-])c(C)c2[N+](=O)[O-])c1[N+](=O)[O-],135,66
O=[N+]([O-])c1cc([N+](=O)[O-])c(-n2nc(-c3nc([N+](=O)[O-])n(-c4c([N+](=O)[O-])cc([N+](=O)[O-])cc4[N+](=O)[O-])n3)nc2[N+](=O)[O-])c([N+](=O)[O-])c1,138,50
CC(CCN(C(=O)OCC(COC(=O)N(CCC(C)([N+](=O)[O-])[N+](=O)[O-])[N+](=O)[O-])([N+](=O)[O-])[N+](=O)[O-])[N+](=O)[O-])([N+](=O)[O-])[N+](=O)[O-],138,52
CCC(CCC(=O)OCC([N+](=O)[O-])([N+](=O)[O-])[N+](=O)[O-])([N+](=O)[O-])[N+](=O)[O-],138,76
Nc1c([N+](=O)[O-])cc([N+](=O)[O-])c(O)c1[N+](=O)[O-],138,80
N#Cc1c([N+](=O)[O-])cc([N+](=O)[O-])cc1[N+](=O)[O-],140,53
Cc1c([N+](=O)[O-])ccc(-c2c([N+](=O)[O-])cc([N+](=O)[O-])cc2[N+](=O)[O-])c1[N+](=O)[O-],143,83
CC(COC(=O)CCC([N+](=O)[O-])([N+](=O)[O-])[N+](=O)[O-])([N+](=O)[O-])[N+](=O)[O-],151,52
O=[N+]([O-])c1n[nH]c(-c2nc([N+](=O)[O-])n[nH]2)n1,153,284
Cn1c([N+](=O)[O-])nnc1[N+](=O)[O-],155,114
Cc1c([N+](=O)[O-])cc([N+](=O)[O-])cc1[N+](=O)[O-],160,82
O=[N+]([O-])c1cc([N+](=O)[O-])c(-c2[nH]cnc2[N+](=O)[O-])c([N+](=O)[O-])c1,161,71
COCN(CN(CN(COC)[N+](=O)[O-])[N+](=O)[O-])[N+](=O)[O-],166,98
Nc1c([N+](=O)[O-])cc([N+](=O)[O-])cc1[N+](=O)[O-],177,68
Cc1c([N+](=O)[O-])cc([N+](=O)[O-])c(O)c1[N+](=O)[O-],191,94
COc1c([N+](=O)[O-])cc([N+](=O)[O-])cc1[N+](=O)[O-],192,92
O=[N+]([O-])c1cc([N+](=O)[O-])c(Nc2cccc(Nc3c([N+](=O)[O-])cc([N+](=O)[O-])cc3[N+](=O)[O-])n2)c([N+](=O)[O-])c1,192,141
O=[N+]([O-])c1cc([N+](=O)[O-])c(-n2nccn2)c([N+](=O)[O-])c1,200,157
O=[N+]([O-])c1cc([N+](=O)[O-])c(Nc2nc(Nc3cc([N+](=O)[O-])cc([N+](=O)[O-])c3[N+](=O)[O-])c([N+](=O)[O-])c(Nc3c([N+](=O)[O-])cc([N+](=O)[O-])cc3[N+](=O)[O-])n2)c([N+](=O)[O-])c1,201,64
CC(COC(=O)c1c([N+](=O)[O-])cc([N+](=O)[O-])cc1[N+](=O)[O-])([N+](=O)[O-])[N+](=O)[O-],214,57
CC(COC(=O)C(=O)OCC(C)([N+](=O)[O-])[N+](=O)[O-])([N+](=O)[O-])[N+](=O)[O-],227,115
Nc1n[nH]c(Nc2c([N+](=O)[O-])cc([N+](=O)[O-])cc2[N+](=O)[O-])n1,230,323
O=[N+]([O-])c1cc([N+](=O)[O-])c(Nc2n[nH]c(Nc3c([N+](=O)[O-])cc([N+](=O)[O-])cc3[N+](=O)[O-])n2)c([N+](=O)[O-])c1,240,104
Cn1nc([N+](=O)[O-])c(Nc2c([N+](=O)[O-])cc([N+](=O)[O-])cc2[N+](=O)[O-])c1[N+](=O)[O-],274,73
CC(C)(COC(=O)CCC([N+](=O)[O-])([N+](=O)[O-])[N+](=O)[O-])[N+](=O)[O-],279,176
O=c1[nH]nc([N+](=O)[O-])[nH]1,291,566
O=[N+]([O-])c1ccc(O)c([N+](=O)[O-])c1O,296,214
CC(COC(=O)OCC(C)([N+](=O)[O-])[N+](=O)[O-])([N+](=O)[O-])[N+](=O)[O-],300,90
O=[N+]([O-])c1cc([N+](=O)[O-])c(-c2cnn(-c3c([N+](=O)[O-])cc([N+](=O)[O-])cc3[N+](=O)[O-])c2)c([N+](=O)[O-])c1,314,75
O=[N+]([O-])c1cc([N+](=O)[O-])c(Nn2cnnc2)c([N+](=O)[O-])c1,314,228
O=[N+]([O-])c1cc([N+](=O)[O-])c(-n2ccnc2)c([N+](=O)[O-])c1,314,188
Nc1c([N+](=O)[O-])cc([N+](=O)[O-])c(N)c1[N+](=O)[O-],320,108
O=[N+]([O-])OCC(O[N+](=O)[O-])C(CO[N+](=O)[O-])O[N+](=O)[O-],6,11
O=[N+]([O-])C(CC#CCC([N+](=O)[O-])([N+](=O)[O-])[N+](=O)[O-])([N+](=O)[O-])[N+](=O)[O-],7,14
O=[N+]([O-])N1CC(N(F)F)(N(F)F)CN([N+](=O)[O-])CC(N(F)F)(N(F)F)C1,8,11
Cc1c([N+]#N)c([O-])c([N+](=O)[O-])c([N+](=O)[O-])c1[N+](=O)[O-],8,26
N#[N+]c1cc([N+](=O)[O-])c(Cl)c([N+](=O)[O-])c1[O-],8,27
N#[N+]c1cc([N+](=O)[O-])cc([N+](=O)[O-])c1[O-],9,27
O=[N+]([O-])c1cc([N+](=O)[O-])c(-n2ccnn2)c([N+](=O)[O-])c1,10,52
O=[N+]([O-])N(CCC([N+](=O)[O-])([N+](=O)[O-])[N+](=O)[O-])CC(CN(CCC([N+](=O)[O-])([N+](=O)[O-])[N+](=O)[O-])[N+](=O)[O-])([N+](=O)[O-])[N+](=O)[O-],11,15
O=[N+]([O-])c1cc([N+](=O)[O-])c([N+](=O)[O-])c([N+](=O)[O-])c1[N+](=O)[O-],11,11
O=C1N([N+](=O)[O-])C2C(C3C2N([N+](=O)[O-])C(=O)N3[N+](=O)[O-])N1[N+](=O)[O-],11,14
CC12N([N+](=O)[O-])C(=O)N([N+](=O)[O-])C1(C)N([N+](=O)[O-])C(=O)N2[N+](=O)[O-],11,19
O=[N+]([O-])c1cc([N+](=O)[O-])c(-n2nnc3ccccc32)c([N+](=O)[O-])c1,11,153
O=[N+]([O-])N1C2C3N([N+](=O)[O-])C1C1N([N+](=O)[O-])C(C(N1[N+](=O)[O-])N3[N+](=O)[O-])N2[N+](=O)[O-],13,7
O=[N+]([O-])OCCNc1c([N+](=O)[O-])cc([N+](=O)[O-])c(-c2nnc(-c3c([N+](=O)[O-])cc([N+](=O)[O-])c(NCCO[N+](=O)[O-])c3[N+](=O)[O-])o2)c1[N+](=O)[O-],13,47
O=C(CN(CC([N+](=O)[O-])([N+](=O)[O-])[N+](=O)[O-])[N+](=O)[O-])N(CN(C(=O)CN(CC([N+](=O)[O-])([N+](=O)[O-])[N+](=O)[O-])[N+](=O)[O-])[N+](=O)[O-])[N+](=O)[O-],15,13
Cc1cc([N+](=O)[O-])c([N+](=O)[O-])c([N+](=O)[O-])c1[N+](=O)[O-],15,35
[N-]=[N+]=Nc1c([N+](=O)[O-])c([N+](=O)[O-])c([N+](=O)[O-])c([N+](=O)[O-])c1[N+](=O)[O-],17,7
O=[N+]([O-])OCn1nnc([N+](=O)[O-])n1,17,11
CC(CN(CN(C(=O)OCC([N+](=O)[O-])([N+](=O)[O-])[N+](=O)[O-])[N+](=O)[O-])[N+](=O)[O-])([N+](=O)[O-])[N+](=O)[O-],18,19
Cc1c([N+](=O)[O-])c([N+](=O)[O-])c([N+](=O)[O-])c([N+](=O)[O-])c1[N+](=O)[O-],18,19
Cc1c([N+](=O)[O-])c(N(C)[N+](=O)[O-])c([N+](=O)[O-])c([N+](=O)[O-])c1[N+](=O)[O-],18,27
O=[N+]([O-])N1CN([N+](=O)[O-])C2C1C1C2N([N+](=O)[O-])CN1[N+](=O)[O-],19,18
[N-]=[N+]=Nc1c([N+](=O)[O-])cc([N+](=O)[O-])cc1[N+](=O)[O-],19,18
Cc1c([N+](=O)[O-])cc([N+](=O)[O-])c([N+](=O)[O-])c1[N+](=O)[O-],19,34
Nc1c([N+](=O)[O-])c([N+](=O)[O-])c(-c2c([N+](=O)[O-])c([N+](=O)[O-])c(N)c([N+](=O)[O-])c2[N+](=O)[O-])c([N+](=O)[O-])c1[N+](=O)[O-],20,23
O=[N+]([O-])OCCNc1c([N+](=O)[O-])cc([N+](=O)[O-])c(N(CCO[N+](=O)[O-])[N+](=O)[O-])c1[N+](=O)[O-],20,30
Cc1c(N(C)[N+](=O)[O-])c([N+](=O)[O-])c([N+](=O)[O-])c([N+](=O)[O-])c1[N+](=O)[O-],21,28
O=C(OCC([N+](=O)[O-])([N+](=O)[O-])[N+](=O)[O-])c1c([N+](=O)[O-])cc([N+](=O)[O-])cc1[N+](=O)[O-],24,26
COC(=O)C12N([N+](=O)[O-])C(=O)N([N+](=O)[O-])C1(C(=O)OC)N([N+](=O)[O-])C(=O)N2[N+](=O)[O-],25,37
Cc1c([N+](=O)[O-])c([N+](=O)[O-])cc([N+](=O)[O-])c1[N+](=O)[O-],25,33
O=[N+]([O-])OCCNc1c([N+](=O)[O-])c(-c2nnc(-c3c([N+](=O)[O-])c(NCCO[N+](=O)[O-])c([N+](=O)[O-])c(N(CCO[N+](=O)[O-])[N+](=O)[O-])c3[N+](=O)[O-])o2)c([N+](=O)[O-])c(N(CCO[N+](=O)[O-])[N+](=O)[O-])c1[N+](=O)[O-],27,28
O=[N+]([O-])c1nonc1-c1no[n+]([O-])c1-c1nonc1[N+](=O)[O-],31,15
O=[N+]([O-])c1ccc(CC([N+](=O)[O-])([N+](=O)[O-])[N+](=O)[O-])c([N+](=O)[O-])c1,31,31
Nc1c([N+](=O)[O-])cc([N+](=O)[O-])c(-n2ccnn2)c1[N+](=O)[O-],31,78
CN(c1c([N+](=O)[O-])cc([N+](=O)[O-])cc1[N+](=O)[O-])[N+](=O)[O-],32,29
C=Cc1c([N+](=O)[O-])cc([N+](=O)[O-])cc1[N+](=O)[O-],32,102
O=[N+]([O-])N1CCN([N+](=O)[O-])C2C1N([N+](=O)[O-])CCN2[N+](=O)[O-],35,24
Cc1c(N)c([N+](=O)[O-])c([N+](=O)[O-])c([N+](=O)[O-])c1[N+](=O)[O-],36,52
O=[N+]([O-])c1cc([N+](=O)[O-])c(/N=N/c2c([N+](=O)[O-])cc([N+](=O)[O-])cc2[N+](=O)[O-])c([N+](=O)[O-])c1,37,41
Cc1c([N+](=O)[O-])c(N)c([N+](=O)[O-])c([N+](=O)[O-])c1[N+](=O)[O-],37,51
O=[N+]([O-])c1cc([N+](=O)[O-])c(-n2nnc3cc4nnn(-c5c([N+](=O)[O-])cc([N+](=O)[O-])cc5[N+](=O)[O-])c4cc32)c([N+](=O)[O-])c1,38,53
O=[N+]([O-])OCC1OC2OC3C(CO[N+](=O)[O-])OC(OC1C(O[N+](=O)[O-])C2O[N+](=O)[O-])C(O[N+](=O)[O-])C3O[N+](=O)[O-],39,39
O=[N+]([O-])c1cc([N+](=O)[O-])c(Cc2c([N+](=O)[O-])cc([N+](=O)[O-])cc2[N+](=O)[O-])c([N+](=O)[O-])c1,39,46
O=[N+]([O-])c1cc([N+](=O)[O-])c(-n2nnc3cc([N+](=O)[O-])cc([N+](=O)[O-])c32)c([N+](=O)[O-])c1,40,37
O=[N+]([O-])c1cc([N+](=O)[O-])c(-n2nnc3cc4c(cc32)nnn4-c2c([N+](=O)[O-])cc([N+](=O)[O-])cc2[N+](=O)[O-])c([N+](=O)[O-])c1,40,53
O=[N+]([O-])OCCNc1c([N+](=O)[O-])c(NCCO[N+](=O)[O-])c([N+](=O)[O-])c(NCCO[N+](=O)[O-])c1[N+](=O)[O-],43,70
O=[N+]([O-])c1cc([N+](=O)[O-])c(CCl)c([N+](=O)[O-])c1,44,80
Cc1c([N+](=O)[O-])c([N+](=O)[O-])c(N)c([N+](=O)[O-])c1[N+](=O)[O-],47,50
Cn1c([N+](=O)[O-])nc([N+](=O)[O-])c1[N+](=O)[O-],49,41
O=C(CCC([N+](=O)[O-])([N+](=O)[O-])[N+](=O)[O-])OCC(COC(=O)CCC([N+](=O)[O-])([N+](=O)[O-])[N+](=O)[O-])([N+](=O)[O-])[N+](=O)[O-],50,46
Nc1c([N+](=O)[O-])c(N)c([N+](=O)[O-])c(NCCO[N+](=O)[O-])c1[N+](=O)[O-],50,104
O=[N+]([O-])c1cc([N+](=O)[O-])c(CO)c([N+](=O)[O-])c1,52,92
O=[N+]([O-])c1cn([N+](=O)[O-])cn1,55,22
Nc1c([N+](=O)[O-])c([N+](=O)[O-])c([N+](=O)[O-])c2no[n+]([O-])c12,56,32
Nc1c([N+](=O)[O-])c2no[n+]([O-])c2c2no[n+]([O-])c12,56,97
Cc1ccc([N+](=O)[O-])c([N+](=O)[O-])c1[N+](=O)[O-],56,85
O=[N+]([O-])C(F)(COCOCC(F)([N+](=O)[O-])[N+](=O)[O-])[N+](=O)[O-],60,43
O=C1NC2C(N([N+](=O)[O-])CN2[N+](=O)[O-])N1[N+](=O)[O-],61,20
O=[N+]([O-])OCCN(c1c([N+](=O)[O-])cc([N+](=O)[O-])c(/C=C/c2c([N+](=O)[O-])cc([N+](=O)[O-])cc2[N+](=O)[O-])c1[N+](=O)[O-])[N+](=O)[O-],61,32
CCOC(=O)C12N([N+](=O)[O-])C(=O)N([N+](=O)[O-])C1(C(=O)OCC)N([N+](=O)[O-])C(=O)N2[N+](=O)[O-],63,71
O=[N+]([O-])c1nc([N+](=O)[O-])c([N+](=O)[O-])[nH]1,68,19
O=[N+]([O-])c1cc([N+](=O)[O-])c(CCO)c([N+](=O)[O-])c1,68,165
COc1c([N+](=O)[O-])c(Cl)c([N+](=O)[O-])c(Cl)c1[N+](=O)[O-],75,89
O=[N+]([O-])c1cc([N+](=O)[O-])c2no[n+]([O-])c2c1,76,48
O=[N+]([O-])c1cc([N+](=O)[O-])c(Cl)c([N+](=O)[O-])c1,79,40
CC(=O)c1c([N+](=O)[O-])cc([N+](=O)[O-])cc1[N+](=O)[O-],79,114
O=[N+]([O-])N=C1NCN([N+](=O)[O-])CN1,80,54
O=[N+]([O-])c1cc([N+](=O)[O-])c(-c2nc(-c3c([N+](=O)[O-])cc([N+](=O)[O-])cc3[N+](=O)[O-])nc(-c3c([N+](=O)[O-])cc([N+](=O)[O-])cc3[N+](=O)[O-])n2)c([N+](=O)[O-])c1,85,53
O=[N+]([O-])c1cc([N+](=O)[O-])c2n[n+]3c4cc([N+](=O)[O-])cc([N+](=O)[O-])c4[n-]n3c2c1,85,159
O=[N+]([O-])OCCC(CCN(CCC(CCO[N+](=O)[O-])([N+](=O)[O-])[N+](=O)[O-])[N+](=O)[O-])([N+](=O)[O-])[N+](=O)[O-],87,32
O=[N+]([O-])c1cc([N+](=O)[O-])c(-c2c([N+](=O)[O-])c(-c3c([N+](=O)[O-])cc([N+](=O)[O-])cc3[N+](=O)[O-])c([N+](=O)[O-])c(-c3c([N+](=O)[O-])cc([N+](=O)[O-])cc3[N+](=O)[O-])c2[N+](=O)[O-])c([N+](=O)[O-])c1,89,28
COC(=O)c1c([N+](=O)[O-])cc([N+](=O)[O-])cc1[N+](=O)[O-],90,128
O=[N+]([O-])c1cc([N+](=O)[O-])c(-n2cnc3c([N+](=O)[O-])cc([N+](=O)[O-])cc32)c([N+](=O)[O-])c1,91,84
O=C1c2nn(-c3c([N+](=O)[O-])cc([N+](=O)[O-])cc3[N+](=O)[O-])nc2C(=O)c2nn(-c3c([N+](=O)[O-])cc([N+](=O)[O-])cc3[N+](=O)[O-])nc21,95,143
Nc1c([N+](=O)[O-])cc([N+](=O)[O-])c2no[n+]([O-])c12,100,80
Cc1c([N+](=O)[O-])cc([N+](=O)[O-])c(C)c1[N+](=O)[O-],100,150
O=[N+]([O-])c1cc([N+](=O)[O-])c(NC2N=CC=CN2c2c([N+](=O)[O-])cc([N+](=O)[O-])cc2[N+](=O)[O-])c([N+](=O)[O-])c1,106,127
Cc1cc([N+](=O)[O-])c([N+](=O)[O-])c([N+](=O)[O-])c1,107,85
Cc1c([N+](=O)[O-])c(C)c([N+](=O)[O-])c(C)c1[N+](=O)[O-],110,258
Nc1c([N+](=O)[O-])c(N)c2c(no[n+]2[O-])c1[N+](=O)[O-],120,130
Nc1c([N+](=O)[O-])cc([N+](=O)[O-])c(-c2c([N+](=O)[O-])cc([N+](=O)[O-])c(N)c2[N+](=O)[O-])c1[N+](=O)[O-],132,54
O=[N+]([O-])c1cc([N+](=O)[O-])c(Nc2nn(-c3c([N+](=O)[O-])cc([N+](=O)[O-])cc3[N+](=O)[O-])cc2[N+](=O)[O-])c([N+](=O)[O-])c1,149,56
Cn1nc([N+](=O)[O-])nc1[N+](=O)[O-],155,114
Nn1nc([N+](=O)[O-])cc1[N+](=O)[O-],158,114
Cc1c([N+](=O)[O-])cc([N+](=O)[O-])c(N)c1[N+](=O)[O-],174,126
N/C(=N\[N+](=O)[O-])n1nc([N+](=O)[O-])nc1N,188,129
CCOc1c([N+](=O)[O-])cc([N+](=O)[O-])cc1[N+](=O)[O-],190,165
Cc1c([N+](=O)[O-])c(N)c([N+](=O)[O-])c(N)c1[N+](=O)[O-],239,188
O=[N+]([O-])C12CC3([N+](=O)[O-])CC([N+](=O)[O-])(C1)CC([N+](=O)[O-])(C2)C3,240,165
COc1c([N+](=O)[O-])cc([N+](=O)[O-])c(OC)c1[N+](=O)[O-],251,182
O=[N+]([O-])c1cc([N+](=O)[O-])c(-c2cnc([N+](=O)[O-])[nH]2)c([N+](=O)[O-])c1,312,72
C[N+](=O)[O-],320,68
CN(C=O)[N+](=O)[O-],320,92
Nc1c([N+](=O)[O-])c(N)c([N+](=O)[O-])c(N)c1[N+](=O)[O-],490,166
